id,"name",body_id,deleted,"gender"
1,"Боль в горле",NULL,1,"all"
2,"боль",4,1,"all"
3,"Тошнота",98,0,"all"
4,"Тяжесть в грудной клетке",26,1,"all"
5,"Удушье",98,0,"all"
6,"боль в молочной железе",NULL,1,"all"
8,"Бледность кожи",74,0,"all"
10,"Одышка",NULL,1,"all"
12,"Повышенное потоотделение",98,0,"all"
14,"Головокружение",98,0,"all"
16,"Рвота",98,0,"all"
18,"Повышение артериального давления",98,0,"all"
20,"Снижение массы тела",98,0,"all"
22,"Повышение массы тела",98,0,"all"
24,"Повышение аппетита",98,0,"all"
26,"Снижение аппетита",98,0,"all"
28,"Запор",98,0,"all"
30,"Диарея",98,0,"all"
32,"Озноб",98,0,"all"
34,"Тремор (дрожание)",98,0,"all"
36,"Рассеяность внимания",98,0,"all"
38,"Нарушение памяти",98,0,"all"
40,"Раздражительность",98,0,"all"
42,"Депрессия",98,0,"all"
44,"Бессонница",98,0,"all"
46,"Боль в лимфоузлах",98,0,"all"
48,"Мышечная слабость",98,0,"all"
50,"Повышенная усталость",98,0,"all"
52,"Судороги (-а)",98,0,"all"
54,"Отеки",98,0,"all"
56,"Потеря сознания (обморок)",98,0,"all"
58,"Учащенное дыхание",98,0,"all"
60,"Паралич",98,0,"all"
62,"Повышение уровня глюкозы в крови (гипергликемия)",98,0,"all"
64,"Плаксивость",98,0,"all"
66,"Заторможенность",98,0,"all"
68,"Снижение артериального давления",98,0,"all"
70,"Понижение температуры",98,0,"all"
72,"Неутолимая жажда",NULL,1,"all"
74,"Неутолимая жажда",98,1,"all"
76,"Нарушение чувствительности",98,0,"all"
78,"Приливы",98,0,"all"
80,"Апатия",98,0,"all"
82,"Истощение",98,1,"all"
84,"Агрессия",98,0,"all"
86,"Нарушения координации",98,0,"all"
88,"Нарушение речи",98,0,"all"
90,"Бесплодие",98,0,"all"
92,"Увеличение лимфоузлов",98,0,"all"
94,"Нарушение речи",NULL,1,"all"
96,"Нарушение поведения",98,0,"all"
98,"Гиперактивность",98,0,"all"
100,"Повторяющаяся схема поведения",98,1,"all"
102,"Недомогание",98,0,"all"
104,"Ухудшение интеллекта",NULL,1,"all"
106,"Понижение вкусовой чувствительности",20,0,"all"
108,"Снижение потоотделения",98,0,"all"
110,"Отсутсвие потоотделения",98,0,"all"
112,"Снижение полового влечения (либидо)",98,0,"all"
114,"Нарушение движения",98,0,"all"
116,"Боль в суставах",98,0,"all"
118,"Частые инфекции",98,0,"all"
120,"Непереносимость жары",98,0,"all"
122,"Непереносимость холода",98,1,"all"
124,"Ломота в теле",98,0,"all"
126,"Повышение температуры до 38°С",98,0,"all"
128,"Повышение температуры до 38-39°С",98,0,"all"
130,"Белые пятна",NULL,1,"all"
132,"Белые пятна на коже",74,0,"all"
134,"Синюшность (цианоз)",74,0,"all"
136,"Кровоподтеки",74,0,"all"
138,"Сухость",74,0,"all"
140,"Чрезмерный рост волос на теле (гипертрихоз)",74,0,"all"
142,"Шелушение кожи",74,0,"all"
144,"Покраснение",74,0,"all"
146,"Волдыри (-ь)",74,0,"all"
148,"Зуд",74,0,"all"
150,"Жжение",74,0,"all"
152,"Гнойник (-и)",74,0,"all"
154,"Синяки",74,0,"all"
156,"Шишки",74,1,"all"
158,"Потемнение кожи",74,1,"all"
160,"Утолщение кожи",74,0,"all"
162,"Раздражение",74,0,"all"
164,"Трещины на коже",74,0,"all"
166,"Красные пятна (-о)",74,0,"all"
168,"Розовые пятна на коже круглой или овальной формы",74,0,"all"
170,"Угри",74,0,"all"
172,"Камедоны (черные точки)",74,0,"all"
174,"Желтушность",74,0,"all"
176,"Пигментация",74,0,"all"
178,"Рубцы",74,0,"all"
180,"Стрии (растяжки)",74,1,"all"
182,"Петехии (точечные кровоизлияния)",74,0,"all"
184,"Сосудистые звездочки",74,0,"all"
186,"Непроизвольное мочеиспускание",54,0,"all"
188,"Свистящее дыхание",26,0,"all"
190,"Хрипы в груди",26,0,"all"
192,"Приступообразный кашель",26,0,"all"
194,"Экспираторная одышка (утруднен выдох)",26,0,"all"
196,"Волдыри бело-розового или красного цвета",74,1,"all"
198,"Отек гортани",20,1,"all"
200,"Отек лица",98,0,"all"
202,"Синюшность языка",20,1,"all"
204,"Афония (речь шепотом)",20,1,"all"
206,"Зуд в носу",2,1,"all"
208,"Насморк",2,0,"all"
210,"Чиханье",2,0,"all"
212,"Заложенность носа",2,0,"all"
214,"Зуд в глазах",18,1,"all"
216,"Слезотечение",18,0,"all"
218,"Покраснение глаз",18,1,"all"
220,"Головная боль",16,1,"all"
222,"Ослабление обоняния (нюха)",2,0,"all"
224,"Слабость",98,0,"all"
226,"Застой молока",28,0,"female"
228,"Отек молочной железы",28,1,"female"
230,"Покраснение молочной железы",28,1,"female"
232,"Увеличение (нагрубание) молочной железы",28,0,"female"
234,"Боль в молочной железе",28,0,"female"
236,"Повышение температуры выше 39°С",98,0,"all"
238,"Увеличение лимфоузлов в подмышечной впадине",34,1,"all"
240,"Невозможность зачатия в течение года",54,0,"all"
242,"Прекращение менструаций, не связанное с беременностью",54,1,"female"
244,"Боль внизу живота",50,1,"all"
246,"Задержка менструаций",54,0,"female"
248,"Нерегулярный менструальный цикл",54,1,"female"
250,"Болезненные менструации",54,1,"female"
252,"Вспыльчивость",98,0,"all"
254,"Маточные кровотечения",54,1,"female"
256,"Боль в области сердца",26,0,"all"
258,"Гирсутизм (рост волос по мужскому типу)",74,1,"all"
260,"Зуд гениталий",54,1,"all"
262,"Раздражение в области гениталий",54,1,"all"
264,"Боль вверху живота",48,1,"all"
266,"Выделения из влагалища (бели)",54,0,"female"
268,"Выделения с кровью",54,0,"female"
270,"Боль во время полового акта",54,0,"all"
272,"Боль в подложечной области",48,1,"all"
274,"Боль в тазу",52,1,"all"
276,"Выделения \"мажущие\"",54,0,"female"
278,"Боль в копчике",82,0,"all"
280,"Боль в паху",58,1,"all"
282,"Боли в пояснице",78,1,"all"
284,"Желтые выделения из влагалища",54,1,"female"
286,"Обесцвечивание волос",16,1,"all"
288,"Гусиная кожа",74,0,"all"
290,"Деформация ногтей",46,1,"all"
292,"Выпадение волос",16,0,"all"
294,"Перхоть",16,0,"all"
296,"Сальный блеск",74,0,"all"
298,"Боль в желудке",48,0,"all"
300,"Белый налет на языке",20,1,"all"
302,"Слюнотечение",20,0,"all"
304,"Сухость во рту",20,1,"all"
306,"Тяжесть",48,0,"all"
308,"Распирание желудка",48,0,"all"
310,"Отрыжка",20,0,"all"
312,"Изжога",26,0,"all"
314,"Неприятный привкус",20,0,"all"
316,"Урчание в животе",48,0,"all"
318,"Вздутие живота",48,0,"all"
320,"Икота",48,0,"all"
322,"Метеоризм",48,0,"all"
324,"Желтушность склер",18,1,"all"
326,"Темный цвет мочи",52,0,"all"
328,"Бесцветный кал",88,0,"all"
330,"Боль в правом подреберье",30,0,"all"
332,"Непереносимость жирной пищи",48,0,"all"
334,"Боль в правой половине грудной клетки",26,1,"all"
336,"Тяжесть в подложечной области",48,1,"all"
338,"Боль под правой лопаткой",78,1,"all"
340,"Боль в правом плече",32,1,"all"
342,"Зловонный кал",88,0,"all"
344,"Колики в животе",48,1,"all"
346,"Жидкий стул",88,1,"all"
348,"Опоясывающая боль в верхней части живота",48,1,"all"
350,"Повышение тонуса мышц (ригидность)",98,0,"all"
352,"Боль в левом подреберье",30,0,"all"
354,"Полифекалия (увеличение объема каловых масс)",88,0,"all"
356,"Голод",48,0,"all"
358,"Проливной пот",98,1,"all"
360,"Горечь во рту",20,0,"all"
362,"Учащение сердцебиения (тахикардия)",26,0,"all"
364,"Жажда",NULL,1,"all"
366,"Боль в пояснице",78,0,"all"
368,"Боль в боку справа",48,1,"all"
370,"Отставание в росте",98,0,"all"
372,"Слабое телосложение",98,1,"all"
374,"Повышенная возбудимость",98,1,"all"
376,"Тяжесть в правом подреберье",30,0,"all"
378,"Потеря аппетита (Анорексия)",98,0,"all"
380,"Носовые кровотечения",2,1,"all"
382,"Кровоточивость десен",20,0,"all"
384,"Покраснение ладоней",44,1,"all"
386,"Пальцы в виде \"барабанных палочек\"",46,0,"all"
388,"Белый цвет ногтей",46,1,"all"
390,"Посинение вен живота",48,0,"all"
392,"Боль при глотании",20,0,"all"
394,"Трудность при глотании",20,1,"all"
396,"Боли во рту",20,1,"all"
398,"Чувство \"кома\" в горле",20,0,"all"
400,"Боли в области пупка",48,1,"all"
402,"Боль за грудиной",26,0,"all"
404,"Боли в левой половине грудной клетки",26,1,"all"
406,"Темный цвет рвотных масс",48,1,"all"
408,"Черный стул (примесь крови)",88,1,"all"
410,"Фригидность",54,1,"female"
412,"Преждевременное семяизвержение",54,0,"male"
414,"Задержка семяизвержения",54,1,"male"
416,"Отсутствие семяизвержения",54,1,"male"
418,"Частое мочеиспускание ночью",52,0,"male"
420,"Частое мочеиспускание",52,0,"all"
422,"Слабый ток мочи при мочеиспускании",52,1,"all"
424,"Мочеиспускание каплями",52,1,"all"
426,"Чувство неполного опорожнения мочевого пузыря",52,0,"all"
428,"Боль во время мочеиспускания",52,0,"all"
430,"Мутность мочи",52,0,"all"
432,"Моча с кровью",52,0,"all"
434,"Утрудненное мочеиспускание",52,0,"male"
436,"Боли в мочевом пузыре",52,1,"all"
438,"Невозможность зачатия на протяжении года и более",54,1,"all"
440,"Боль в яичке",54,1,"male"
442,"Боль в промежности",54,1,"all"
444,"Увеличение яичка",54,1,"male"
446,"Покраснение мошонки",54,1,"male"
448,"Боль после опорожнения кишечника",88,1,"all"
450,"Сужение кольца крайней плоти",54,1,"male"
452,"Кровь в сперме",54,0,"male"
454,"Отек мошонки",54,1,"male"
456,"Боль во время семяизвержения",54,0,"male"
458,"Боль в мошонке",54,1,"male"
460,"Выделения из уретры",54,0,"all"
462,"Отеки в области паха",52,1,"all"
464,"Дополнительная складка",56,0,"all"
466,"Ассиметрия ягодиц",88,1,"all"
468,"Щелчки при сгибании",62,0,"all"
470,"Щелчки при сгибании ноги в бедре",56,1,"all"
472,"Укорочение бедра",56,1,"all"
474,"Боли в спине",78,1,"all"
476,"Боль в шее",86,1,"all"
478,"Онемение",98,0,"all"
480,"Боли в грудной клетке",26,1,"all"
482,"Боли в мышцах живота",48,1,"all"
484,"Выпирание живота",48,1,"all"
486,"Выдвижение плечей вперед",32,1,"all"
488,"Раздвинутые коленные суставы",62,1,"all"
490,"Мышечные спазмы",98,1,"all"
492,"Скованность движений",80,0,"all"
494,"Шум",16,0,"all"
496,"Мушки, точки перед глазами",18,0,"all"
498,"Цветные пятна перед глазами",18,1,"all"
500,"Стреляющая боль в спине",78,1,"all"
502,"Быстрое утомление при ходьбе",68,1,"all"
504,"Боль в стопе",68,1,"all"
506,"Судороги в стопе",68,1,"all"
508,"Отеки в щиколотках",66,1,"all"
510,"Асимметричность",78,0,"all"
512,"Искривление дуги позвоночника",80,0,"all"
514,"Ассиметрия ребер",26,1,"all"
516,"Трудности с засыпанием",16,0,"all"
518,"Неудовлетворительное качество сна",16,1,"all"
520,"Забывчивость",16,1,"all"
522,"Трудности с запоминанием",16,0,"all"
524,"Апатия",98,1,"all"
526,"Недержание мочи",52,1,"all"
528,"Дезориентация",16,0,"all"
530,"Галлюцинации",16,0,"all"
532,"Сутулость",78,0,"all"
534,"\"Кукольная походка\" (мелкими шагами)",98,0,"all"
536,"Маскообразное лицо",16,0,"all"
538,"Поза просителя (туловище опережает ноги)",98,0,"all"
540,"Страх",98,1,"all"
542,"Приступообразная головная боль",16,1,"all"
544,"Светобоязнь",18,0,"all"
546,"Звукобоязнь (фонофобия)",22,0,"all"
548,"Отвращение к запахам",2,1,"all"
550,"Блики, вспышки перед глазами",18,0,"all"
552,"Внезапные позывы к мочеиспусканию",52,1,"all"
554,"Снижение остроты зрения",18,0,"all"
556,"Нечеткость зрения",18,0,"all"
558,"Ухудшение, искажение цветового восприятия",18,0,"all"
560,"Снижение интеллекта",16,0,"all"
562,"Эйфория",98,0,"all"
564,"Нарушение тактильной чувствительности",46,1,"all"
566,"Покалывание в пальцах рук",46,1,"all"
568,"Покалывание в пальцах ног",70,1,"all"
570,"Храп",2,0,"all"
572,"Дыхание через рот",20,1,"all"
574,"Гнусавость",20,0,"all"
576,"Боль в пазухах носа",2,1,"all"
578,"Боль в глазах",18,1,"all"
580,"Сухой кашель",20,0,"all"
582,"Охриплость",20,0,"all"
584,"Першение в горле",20,0,"all"
586,"Стреляющая боль в ухе",22,1,"all"
588,"Боль в ухе",22,1,"all"
590,"Гнойные выделения из уха",22,1,"all"
592,"Заложенность уха",22,0,"all"
594,"Шум в ушах",22,1,"all"
596,"Увеличение шейных лимфоузлов",100,1,"all"
598,"Кал с кровью",88,0,"all"
600,"Зуд в заднем проходе",88,1,"all"
602,"Кровотечение",88,0,"all"
604,"Боль во время дефекации",88,0,"all"
606,"Шишки в области заднего прохода",88,1,"all"
608,"Выпадение волос",16,1,"all"
610,"Искажение зрения",18,1,"all"
612,"Усталость глаз",18,1,"all"
614,"Затуманивание зрения",18,1,"all"
616,"Радужные круги перед глазами",18,1,"all"
618,"Боль в висках",16,1,"all"
620,"Пелена перед глазами",18,1,"all"
622,"Плавающие пятна перед глазами",18,1,"all"
624,"Снижение зрения вдаль",18,0,"all"
626,"Двоение в глазах",18,0,"all"
628,"Ухудшение ночного, сумеречного зрения",18,0,"all"
630,"Отек века",18,1,"all"
632,"Жжение в глазу",18,1,"all"
634,"\"Песок\" в глазах",18,0,"all"
636,"Обильные выделения из глаз",18,0,"all"
638,"Зуд десен",20,1,"all"
640,"Покраснение десен",20,1,"all"
642,"Неприятный запах изо рта",20,0,"all"
644,"Пятна на зубной эмали",20,0,"all"
646,"Зубная боль",20,0,"all"
648,"Выделение гноя из-под десны",20,1,"all"
650,"Подвижность зубов",20,0,"all"
652,"Боль у основания зубов",20,1,"all"
654,"Бледность десен",20,1,"all"
656,"Обнажение шейки зуба",20,0,"all"
658,"Язвы (-а)",20,0,"all"
660,"Белые пятна на слизистой рта",20,0,"all"
662,"Отечность ротовой полости",20,1,"all"
664,"Увеличение подчелюстных лимфоузлов",24,1,"all"
666,"Увеличение груди",28,0,"all"
668,"Тяжесть в грудных железах",28,1,"all"
670,"Зуд в грудных железах",28,1,"all"
672,"Кашель с мокротой",100,0,"all"
674,"Одышка",26,0,"all"
676,"Боль в горле",100,0,"all"
678,"Кровохарканье",20,0,"all"
680,"Ощущение сердцебиения",26,0,"all"
682,"Усиленное сердцебиение",26,1,"all"
684,"Замедленное сердцебиение (брадикардия)",26,0,"all"
686,"Перемежающаяся хромота (боль при ходьбе)",60,0,"all"
688,"Приступообразная боль в груди",26,1,"all"
690,"Боль в левом плече",32,1,"all"
692,"Боли в икрах",64,1,"all"
694,"Расширение вен",56,0,"all"
696,"Отеки ног",64,1,"all"
698,"Покраснение сустава",98,1,"all"
700,"Деформация сустава",98,0,"all"
702,"Утренняя скованность в суставах",98,1,"all"
704,"Холодный пот",98,0,"all"
706,"Боли в бедре",56,1,"all"
708,"Боли в колене",62,1,"all"
710,"Боли в кистях рук",36,1,"all"
712,"Отек сустава",98,0,"all"
714,"Боли в пальцах рук",46,1,"all"
716,"Боль в позвоночнике",80,1,"all"
718,"Уменьшение роста",98,1,"all"
720,"Белые узелки на суставах",98,1,"all"
722,"Багрово-красный цвет сустава",98,1,"all"
724,"Приступообразная боль в суставе",98,1,"all"
726,"Сыпь на губах",20,1,"all"
728,"Зуд в области губ",20,1,"all"
730,"Жжение при мочеиспускании",54,0,"all"
732,"Выделения слизисто-гнойного характера",54,0,"all"
734,"Язвы в области гениталий",54,1,"all"
736,"Пятнистая сыпь на коже",74,1,"all"
738,"Нарушения эрекции",54,0,"male"
740,"Сыпь",74,0,"all"
742,"Сыпь красного цвета",74,1,"all"
744,"Покраснение горла",20,1,"all"
746,"Ярко-красный цвет языка",20,0,"all"
748,"Бред",16,0,"all"
750,"Темные круги под глазами",18,1,"all"
752,"Увеличение шейных лимфоузлов",100,1,"all"
754,"Уменьшение объема мочи",52,0,"all"
756,"Моча цвета \"мясных помоев\"",52,0,"all"
758,"Увеличение щитовидной железы",100,0,"all"
760,"Тонкие волосы",16,1,"all"
762,"Одутловатость лица",24,1,"all"
764,"Расслоение ногтевой пластины",46,1,"all"
766,"Судороги икроножных мышц",64,1,"all"
768,"Стул зеленого цвета",88,1,"all"
770,"Ложные позывы к дефекации",88,0,"all"
772,"Увеличение печени",48,0,"all"
774,"Стул в виде \"малинового желе\"",88,1,"all"
776,"Мышечная боль",98,1,"all"
778,"Серый налет",20,0,"all"
780,"Моча красного цвета",52,0,"all"
782,"Кровяная сыпь на коже (геморрагии)",74,1,"all"
784,"Увеличение околоушных лимфоузлов",22,1,"all"
786,"Тризм (спазм мышц рта)",20,0,"all"
788,"\"Сардоническая улыбка\" (спазм мимических мышц)",20,0,"all"
790,"Тонические судороги",98,1,"all"
792,"Межменструальные кровотечения",54,1,"female"
794,"Сыпь в области гениталий",54,1,"all"
796,"Полушаровидные узелки",74,0,"all"
798,"Бородавки",74,0,"all"
800,"Кондиломы",74,0,"all"
802,"Водобоязнь",98,0,"all"
804,"Воздухобоязнь (аэрофобия)",98,0,"all"
806,"Пузырчатая болезненная сыпь",74,0,"all"
808,"Отвращение к пищи",98,0,"all"
810,"Болезненность околоушных слюнных желез",22,1,"all"
812,"Отечность околоушных слюнных желез",22,1,"all"
814,"Белый налет",54,0,"male"
816,"Отечность",74,0,"all"
818,"Зуд в области ануса",88,1,"all"
820,"Голубые пятна на коже",74,1,"all"
822,"Расчесы",74,0,"all"
824,"Гниды в волосах",16,0,"all"
826,"Чесоточные ходы на коже",74,1,"all"
828,"Гнойные корочки",74,1,"all"
830,"Гнойно-кровянистые корочки",74,0,"all"
832,"Прозрачные выделения из влагалища",54,1,"female"
834,"Боль в области заднего прохода",88,1,"all"
836,"Ночное потение",98,0,"all"
838,"Тяжесть в левом подреберье",30,1,"all"
840,"Красно-багровые наросты на коже",74,1,"all"
842,"Обильные менструальные кровотечения",54,1,"female"
844,"Изменение формы молочной железы",28,0,"female"
846,"Сморщивание кожи молочной железы",28,0,"female"
848,"Шелушение кожи молочной железы",28,0,"female"
850,"Выделения из соска",28,0,"female"
852,"Припухлость или уплотнение соска",28,1,"female"
854,"Втяжение соска",28,0,"female"
856,"Опухание плеча",32,1,"all"
858,"Извращение вкуса",98,0,"all"
860,"Сухость языка",20,1,"all"
862,"Пощипывание языка",20,1,"all"
864,"Ломкость волос",16,0,"all"
866,"Зеленоватый цвет кожи",74,1,"all"
868,"Ложкообразная фора ногтей",46,1,"all"
870,"\"Лакированный\" язык",20,1,"all"
872,"Полиурия (увеличение суточного объема мочи)",52,0,"all"
874,"Выпадение зубов",20,0,"all"
876,"Снижение слуха",22,0,"all"
878,"Ломкость ногтей",46,0,"all"
880,"Кариес",20,0,"all"
882,"Огрубление черт лица",18,1,"all"
884,"Увеличение кистей рук",36,1,"all"
886,"Увеличение стоп",68,1,"all"
888,"Выделение молока из молочных желез",28,1,"female"
890,"Лунообразное лицо",16,1,"all"
892,"Ожирение верхней половины тела",98,1,"all"
894,"Частые переломы",98,0,"all"
896,"Лицо багрово-красного цвета",16,1,"all"
898,"Жажда",98,0,"all"
900,"Пятна на коже после пребывания на солнце",74,1,"all"
902,"Тяга к кислому и соленому",98,1,"all"
904,"Снижение уровня глюкозы в крови",98,1,"all"
906,"Невынашивание беременности",98,0,"female"
908,"Центральное ожирение (низ живота)",98,1,"all"
910,"Жирная кожа",74,0,"all"
912,"Темные пигментные пятна",74,1,"all"
914,"Мелкие складки на коже",74,1,"all"
916,"Отсутствие волос на лице",24,1,"male"
918,"Высокий (женский) тембр голоса",20,1,"male"
920,"Малоразвитые половые органы",54,1,"male"
922,"Худощавое телосложение",98,1,"all"
924,"Непропорциональное телосложение",98,1,"all"
926,"Увеличение полового влечения",54,1,"all"
928,"Сухость глаз",18,1,"all"
930,"Поперечная исчерченность ногтей",46,0,"all"
932,"Снижение сумеречного зрения",18,1,"all"
934,"Зябкость",98,0,"all"
936,"Ослабление сухожильных рефлексов",98,1,"all"
938,"Заеды",20,0,"all"
940,"Потеря счета времени",98,1,"all"
942,"Потеря памяти",98,0,"all"
944,"Навязчивые идеи",98,1,"all"
946,"Безволие",98,0,"all"
948,"Бедность эмоций",98,1,"all"
950,"Бедность речи",98,0,"all"
952,"Неспособность получать удовольствие",98,1,"all"
954,"Социальная изоляция",98,1,"all"
956,"Звучание или открытость мыслей окружающим",98,1,"all"
958,"Разорванность речи и мыслей",98,1,"all"
960,"Магическое мышление",98,1,"all"
962,"Странная речь",16,0,"all"
964,"Подозрительность",98,1,"all"
966,"Параноидальные идеи",98,1,"all"
968,"Эмоциональная отрешенность",98,0,"all"
970,"Нарушение восприятия внешнего мира",98,1,"all"
972,"Нарушение восприятия самого себя",98,1,"all"
974,"Иллюзии",98,1,"all"
976,"Иллюзии",98,1,"all"
978,"Бред, сохраняющийся не менее 3 месяцев",98,1,"all"
980,"Мысли о суициде",98,0,"all"
982,"Чувство вины",98,0,"all"
984,"Возбужденное поведение",98,1,"all"
986,"Быстрый темп речи",98,1,"all"
988,"Патологическая отвлекаемость",98,1,"all"
990,"Саморазрушительное поведение",98,1,"all"
992,"Низкая потребность во сне",16,1,"all"
994,"Замедленная речь",16,1,"all"
996,"Ступор",98,0,"all"
998,"Бессвязная речь",16,1,"all"
1000,"Подавленное настроение",98,0,"all"
1002,"Заниженная самооценка",98,1,"all"
1004,"Кошмары",98,0,"all"
1006,"Холодные и влажные ладони",44,1,"all"
1008,"Паника",98,0,"all"
1010,"Беспокойство",98,0,"all"
1012,"Навязчивые мысли (обессии)",98,0,"all"
1014,"Навязчивые действия (компульсии)",98,0,"all"
1016,"Навязчивые воспоминания о пережитой травме",98,1,"all"
1018,"Расщепление личности",98,1,"all"
1020,"Внезапная амнезия",98,1,"all"
1022,"Отказ от пищи",98,1,"all"
1024,"Рост пушистых волос на теле",74,1,"all"
1026,"Ночные приступы голода",98,1,"all"
1028,"Приступообразное переедание",98,1,"all"
1030,"Постоянное чувство голода",98,1,"all"
1032,"Собственноручное вызывание рвоты",98,1,"all"
1034,"Сонливость",98,0,"all"
1036,"Дисгармония между статью и самоидентификацией",98,1,"all"
1038,"Желание сменить пол",98,1,"all"
1040,"Стиль поведения противоречащий физиологическому полу",98,1,"all"
1042,"Отставание в развитии",98,1,"all"
1044,"Бесцельные движения",98,0,"all"
1046,"Ритуальное поведение",98,0,"all"
1048,"Аутоагрессия",98,0,"all"
1050,"Потребность в однообразии",98,1,"all"
1052,"Неулыбчивость",98,1,"all"
1054,"Погружение в себя",98,1,"all"
1056,"Скудность мимики и жестикуляции",98,0,"all"
1058,"Непродуктивная активность",98,1,"all"
1060,"Безрассудное поведение",98,1,"all"
1062,"Отсутствие спонтанной и ответной речи",98,1,"all"
1064,"Непроизвольные сокращения мышц",98,1,"all"
1066,"Страх речи",20,1,"all"
1068,"Неестественное растягивание звуков",20,1,"all"
1070,"Повторение отдельных звуков",20,1,"all"
1072,"Повторение отдельных слогов",20,1,"all"
1074,"Повторение отдельных фраз",20,1,"all"
1076,"Прерывистость речи",20,0,"all"
1078,"Быстрая речь",20,1,"all"
1080,"Непонятная речь",20,1,"all"
1082,"Боли в конечностях",98,1,"all"
1084,"Задержка мочи",52,0,"all"
1086,"Непроизвольные движения",98,0,"all"
1088,"Мельтешение зрачков",18,0,"all"
1090,"Гиперсексуальность",98,1,"all"
1092,"Проблемы с контролем осанки",98,1,"all"
1094,"Нарушение сосания",20,1,"all"
1096,"Нарушение глотания",20,0,"all"
1098,"Атрофия мышц",98,0,"all"
1100,"Нарушение дыхания",26,1,"all"
1102,"Неспособность сидеть без поддержки",98,1,"all"
1104,"Ослабление мышц ног",60,1,"all"
1106,"Неспособность ходить",98,1,"all"
1108,"Внезапный сон",98,1,"all"
1110,"Спонтанное засыпание",98,1,"all"
1112,"Сонный паралич",98,1,"all"
1114,"Остановка дыхательных движений",26,1,"all"
1116,"Ассиметрия лица",24,1,"all"
1118,"Жгучая трудно локализуемая боль в конечностях",98,1,"all"
1120,"Уменьшение боли от холодной воды",98,1,"all"
1122,"Усиление боли при воздействии раздражителей",98,1,"all"
1124,"Тугоподвижность суставов",98,1,"all"
1126,"\"Одеревенение\" ног",68,1,"all"
1128,"Зуд в стопе",68,1,"all"
1130,"Жжение в стопе",68,1,"all"
1132,"Опущение века",18,1,"all"
1134,"Изменение выражения лица",20,1,"all"
1136,"Нарушение жевания",20,0,"all"
1138,"Перекрещение ног",64,1,"all"
1140,"Перекос таза",52,1,"all"
1142,"Глухота",22,1,"all"
1144,"Косоглазие",18,0,"all"
1146,"Неконтролируемая дефекация",88,0,"all"
1148,"Укорочение конечности",98,0,"all"
1150,"Отсутствие интереса к игрушкам",98,0,"all"
1152,"Сохранение врожденных рефлексов у ребенка",98,1,"all"
1154,"Увеличение окружности головы",16,0,"all"
1156,"Деформация черепа",16,1,"all"
1158,"Выбухание родничка",16,1,"all"
1160,"Частое запрокидывание головы",16,1,"all"
1162,"Слепота",18,0,"all"
1164,"Смещение глазных яблок",18,1,"all"
1166,"Провалы в памяти",16,0,"all"
1176,"епп",NULL,1,"all"
1184,"Щелчки при сгибании ноги в колене",62,1,"all"
1186,"Зуд века",18,1,"all"
1188,"Образование гнойной головки на веке",18,1,"all"
1190,"Образование уплотнения на веке",18,1,"all"
1192,"Болезненность века",18,1,"all"
1194,"Жжение века",18,1,"all"
1196,"Тяжесть век",18,1,"all"
1198,"Раздражение глаз",18,1,"all"
1200,"Помутнение роговицы",18,1,"all"
1202,"\"Рези\" в глазах",18,1,"all"
1204,"Уплотнение слезного мешка",18,1,"all"
1206,"Гнойные выделения из слезного мешка",18,1,"all"
1208,"Отечность конъюнктивы",18,1,"all"
1210,"Узелковые образования в глазу",18,1,"all"
1212,"Блефароспазм (спазм век)",18,0,"all"
1214,"Снижение чувствительности роговицы",18,1,"all"
1216,"Сужение или изменение формы зрачка",18,1,"all"
1218,"Изменение цвета глазного яблока",18,1,"all"
1220,"Изменение цвета радужки",18,1,"all"
1222,"Дрожание радужки (иридодонез)",18,1,"all"
1224,"Повышение внутриглазного давления",18,0,"all"
1226,"Молниеносное снижение остроты зрения",18,1,"all"
1228,"Уменьшение глазного яблока",18,1,"all"
1230,"Уменьшение глаза",18,1,"all"
1232,"Усиление симптомов после принятия ванны",98,1,"all"
1234,"Нессиметричное положение глаз (зрачков)",18,1,"all"
1236,"Расхождение зрачков",18,0,"all"
1238,"Прищуривание",18,0,"all"
1240,"Снижение зрения вблизи",18,0,"all"
1242,"Трудно разглядеть мелкие предметы",18,1,"all"
1244,"Уменьшение контрастности зрения",18,1,"all"
1246,"Нарушение чтения",18,0,"all"
1248,"Наклон или поворот головы при взгляде на предмет",18,1,"all"
1250,"Эхо от самопроизносимых слов",22,1,"all"
1252,"Нарушение равновесия",98,0,"all"
1254,"Иллюзия движения при повороте головы",98,1,"all"
1256,"Выделения из уха",22,1,"all"
1258,"Насильственные подергивания",98,1,"all"
1260,"Непроизвольное гримасничанье",20,1,"all"
1262,"Отек шеи",100,1,"all"
1264,"Набухание шейных вен",100,0,"all"
1266,"Кровотечение под ногтями",46,1,"all"
1268,"Ночная одышка",98,1,"all"
1270,"Чувство неполного вдоха",26,1,"all"
1272,"\"Пепельный\" цвет кожи",74,1,"all"
1274,"Цианоз подбородка, кончика носа и ушей",98,1,"all"
1276,"Выраженный румянец щек",74,1,"all"
1278,"Пульсация сонных артерий",100,1,"all"
1280,"Пульсация зрачков",18,1,"all"
1282,"Неритмичное сердцебиение",26,0,"all"
1284,"\"Замирание\" сердца",26,0,"all"
1286,"Расширенные  зрачки, не реагирующие на свет",18,1,"all"
1288,"Отсутствие пульса",98,1,"all"
1290,"Отсутствие дыхания",98,1,"all"
1292,"Потемнение в глазах",18,0,"all"
1294,"Остановка сердца",26,1,"all"
1296,"Пена изо рта и носа",20,1,"all"
1298,"Синюшность пальцев",70,1,"all"
1300,"Кровоизлияния (-е)",70,0,"all"
1302,"Боли в нижних конечностях",64,1,"all"
1304,"Трофические язвы голени и стоп",64,1,"all"
1306,"Тяжесть в ногах",64,1,"all"
1308,"Склонность к укачиванию",98,1,"all"
1310,"Холодные кисти рук",44,1,"all"
1312,"Холодные стопы",68,1,"all"
1314,"Чувствительность к смене погоды",98,1,"all"
1316,"Вялость по утрам",98,1,"all"
1318,"Чувствительность к смене климатических условий",98,1,"all"
1320,"Белый налет на миндалинах",20,1,"all"
1322,"Выпуклость ногтей",46,1,"all"
1324,"Пыхтение",20,1,"all"
1326,"Бочкообразная грудная клетка",26,1,"all"
1328,"Полное или частичное отсутствие зубного ряда",20,1,"all"
1330,"Количество зубов превышает норму",20,1,"all"
1332,"Уменьшенный размер зубов",20,1,"all"
1334,"Увеличенный размер зубов",20,1,"all"
1336,"Аномалии формы зубов",20,1,"all"
1338,"Кривизна зубного ряда",20,1,"all"
1340,"Разрушение зубной эмали",20,1,"all"
1342,"Меловидные пятна на зубах",20,1,"all"
1344,"Зубная боль привоздействии раздражителей",20,1,"all"
1346,"Острая зубная боль",20,1,"all"
1348,"Ноющая зубная боль",20,1,"all"
1350,"Непрерывная зубная боль",20,1,"all"
1352,"Ночная зубная боль",20,1,"all"
1354,"Шепелявость",20,1,"all"
1356,"Потрескавшиеся губы",20,1,"all"
1358,"Красная кайма губ",20,1,"all"
1360,"Сухость губ",20,1,"all"
1362,"Жжение губ",20,1,"all"
1364,"Кровоточивость губ",20,1,"all"
1366,"Ощущение инородного тела",20,0,"all"
1368,"Складки на поверхности языка",20,1,"all"
1370,"Слущивание эпителия языка",20,1,"all"
1372,"Увеличение языка",20,1,"all"
1374,"Болезненность языка",20,1,"all"
1376,"Боль в пищеводе",26,1,"all"
1378,"Жжение за грудиной",26,1,"all"
1380,"Кислый привкус во рту",20,1,"all"
1382,"Рвота с кровью",20,0,"all"
1384,"Срыгивание",20,0,"all"
1386,"Желтый налет на языке",20,1,"all"
1388,"Выпячивание (опухоль)",58,0,"all"
1390,"Выпячивание в пахово-бедренной складке",52,1,"all"
1392,"Выпячивание в области пупка",48,1,"all"
1394,"Расширение пупочного кольца",48,1,"all"
1396,"Выпячивание в области брюшной стенки",48,1,"all"
1398,"\"Бульканье\" в грудной клетке",30,1,"all"
1400,"Желто-зеленые каловые массы",88,1,"all"
1402,"Непереносимость молока",98,1,"all"
1404,"Кал со слизью",88,0,"all"
1406,"Рана в перианальной области",88,1,"all"
1408,"Боль в прямой кишке",88,0,"all"
1410,"Слизисто-гнойные выделения из перианальной области",88,1,"all"
1412,"Разлитая боль в животе",48,1,"all"
1414,"Округлость и увеличение ногтей",46,1,"all"
1416,"Ограничение подвижности ладони",44,1,"all"
1418,"Расширение вен брюшной стенки",48,1,"all"
1420,"\"Печеночный\" запах изо рта",20,1,"all"
1422,"Ранняя седина",16,0,"all"
1424,"Язвочки на коже",74,1,"all"
1426,"Корочки медового цвета",74,1,"all"
1428,"Багрово-синий цвет кожи",74,1,"all"
1430,"Рана на коже",74,1,"all"
1432,"Уплотнения (-е) под кожей",74,0,"all"
1434,"Гноетечение",74,1,"all"
1436,"Болезненность участка кожи",74,1,"all"
1438,"Скопление корочек в волосах",16,1,"all"
1440,"Покраснение ягодиц",88,1,"all"
1442,"Мокнущая сыпь",74,1,"all"
1444,"Отслоение ногтя",46,0,"all"
1446,"Ног",NULL,1,"all"
1448,"Желтый цвет ногтя",46,1,"all"
1450,"Желтый цвет ногтя",70,0,"all"
1452,"Утолщение ногтя",46,0,"all"
1454,"Утолщение ногтя",70,1,"all"
1456,"Изгиб ногтя книзу",46,1,"all"
1458,"Изгиб ногтя книзу",70,1,"all"
1460,"Болезненность ногтя",70,1,"all"
1462,"Отечность пальца",70,1,"all"
1464,"Гноетечение из-под ногтя",70,0,"all"
1466,"Рана по краю ногтя",70,1,"all"
1468,"Разрастание кожи носа",2,0,"all"
1470,"Обесцвечивание кожи",74,1,"all"
1472,"Шершавость",74,0,"all"
1474,"Чешуйчатость кожи",74,0,"all"
1476,"Покраснение на лице в виде бабочки",16,1,"all"
1478,"\"Мешки\" вокруг глаз",18,1,"all"
1480,"Истончение кожи",74,1,"all"
1482,"Дряблость кожи",74,1,"all"
1484,"Хруст",52,0,"all"
1486,"Боль в тазобедренном суставе",52,1,"all"
1488,"Атрофия мышц бедра",56,1,"all"
1490,"Скованность движений в тазу",52,1,"all"
1492,"Скованность движений в колене",62,1,"all"
1494,"Хруст в колене",62,1,"all"
1496,"Отек колена",62,1,"all"
1498,"Деформация колена",62,1,"all"
1500,"Ограничение подвижности сустава",98,1,"all"
1502,"Лилово-красная сыпь на веках",18,1,"all"
1504,"Лилово-красная сыпь по типу \"шали\"",32,1,"all"
1506,"Слабость мышц плеча",32,1,"all"
1508,"Слабость мышц шеи",84,1,"all"
1510,"Слабость мышц таза",52,1,"all"
1512,"Ассиметрия плеч",32,1,"all"
1514,"Малоподвижность головы",84,1,"all"
1516,"Наклон головы в одну сторону",84,0,"all"
1518,"Деформация позвоночника",80,1,"all"
1520,"Деформация позвоночника",82,1,"all"
1522,"Боли в ягодице",88,1,"all"
1524,"Боль при повороте туловища",82,1,"all"
1526,"Боль в затылке",84,1,"all"
1528,"Боль в голени",64,1,"all"
1530,"Боли в плече",32,1,"all"
1532,"Боль в лопатках",78,0,"all"
1534,"Стреляющая боль в ноге",60,1,"all"
1536,"Вынужденное согнутое положение тела",78,1,"all"
1538,"Напряжение мышц спины",78,1,"all"
1540,"Боль в мышцах",98,1,"all"
1542,"Боль в мышцах рук",40,1,"all"
1544,"Боль в мышцах ног",60,1,"all"
1546,"Боль в мышцах спины",78,1,"all"
1548,"Локальное повышение температуры",98,1,"all"
1550,"Боль во время ходьбы",68,1,"all"
1552,"Боль в пятке",94,1,"all"
1554,"Жжение в пятке",94,1,"all"
1556,"Боль при рукопожатии",44,1,"all"
1558,"Боль в локте",38,1,"all"
1560,"Боль в предплечье",40,1,"all"
1562,"Боль в запястье",42,1,"all"
1564,"Уплотнение в брюшной полости",48,1,"all"
1566,"Аммиачный запах изо рта",20,0,"all"
1568,"Увеличение мошонки",54,1,"male"
1570,"Нарушение полового акта",54,1,"all"
1572,"Нарушение мочеиспускания",52,1,"all"
1574,"Уменьшение яичка",54,0,"male"
1576,"Тяжесть в мошонке",54,1,"male"
1578,"Зуд головки полового члена",54,1,"male"
1580,"Жжение головки полового члена",54,1,"male"
1582,"Отек крайней плоти",54,1,"male"
1584,"Покраснение головки полового члена",54,1,"male"
1586,"Отсутсвие эрекции",54,0,"male"
1588,"Увеличение лимфатических узлов в паху",58,1,"all"
1590,"Уплотнения в груди",28,0,"female"
1592,"Сухость слизистой влагалища",54,1,"female"
1594,"Бугристость кожи",60,0,"all"
1596,"Припухлость большой половой губы",54,1,"female"
1598,"Зеленоватые влагалищные выделения",54,1,"female"
1600,"\"Пенистые\" влагалищные выделения ",54,1,"female"
1602,"Влагалищные выделения с \"рыбным запахом\"",54,1,"female"
1604,"Утрудненная дефекация",88,1,"all"
1606,"Чувство неполного опорожнения кишечника",88,0,"all"
1608,"Жировые включения в кале",88,1,"all"
1610,"боли в области ушей",22,1,"all"
1612,"воспаление подчелюстных желез ",20,1,"all"
1614,"воспаление подъязычной железы ",20,1,"all"
1616,"Боли в почке",78,1,"all"
1617,"Кровь в моче",54,1,"all"
1618,"Дефект губ",20,1,"all"
1619,"Белок в моче",54,1,"all"
1620,"Тяжесть внизу живота",50,1,"all"
1621,"Боли в промежности",54,1,"female"
1622,"Зависимость от азартных игр",16,1,"all"
1623,"Случайное мочеиспускание",52,1,"all"
1624,"Хромота",62,0,"all"
1625,"Расщепление неба",20,1,"all"
1626,"Раздвоение язычка",20,1,"all"
1627,"Крыловидные складки на шее",86,1,"female"
1628,"Отвисание нижней губы",20,1,"female"
1629,"Полуоткрытый рот",20,1,"male"
1630,"Короткая шея",86,1,"female"
1631,"Отсутствие менструации",50,0,"female"
1632,"Атрофия кожи",74,0,"all"
1633,"Боль в челюсти",20,1,"all"
1634,"Перемена прикуса",20,1,"all"
1635,"Смещение челюсти в сторону",20,1,"all"
1636,"Отечность и разрушение надкостницы",20,1,"all"
1637,"Увеличение матки",50,1,"female"
1638,"Боль",NULL,0,"all"
1639,"Постоянная температура до 38°С",NULL,0,"all"
1640,"Выпадение геморроидальных узлов",NULL,0,"all"
1641,"Чувство сдавливания",NULL,0,"all"
1642,"Плотные каловые массы",NULL,0,"all"
1643,"Излишнее натуживание при дефекации",NULL,0,"all"
1644,"Боль в переносице",NULL,1,"all"
1645,"Боль в подглазничной ямке",NULL,1,"all"
1646,"Полиморфная сыпь (узелок-пузырь-корочка)",NULL,0,"all"
1647,"Родинки",NULL,0,"all"
1648,"Сильная боль",NULL,0,"all"
1649,"Анемия",NULL,0,"all"
1650,"Быстрая насыщаемость",NULL,0,"all"
1651,"Псориатические бляшки (серые бляшки)",NULL,1,"all"
1652,"Серые пятна",NULL,0,"all"
1653,"Лиловые пятна",NULL,0,"all"
1654,"Снижение потенции",NULL,0,"male"
1655,"Шаткость походки",NULL,1,"all"
1656,"Отсутствие реакции глаз на раздражители",NULL,0,"all"
1657,"Нарушение письма",NULL,0,"all"
1658,"Подагрические узлы (тофусы)",NULL,1,"all"
1659,"Мастодиния (тяжесть)",NULL,0,"female"
1660,"Резкая боль",NULL,0,"all"
1661,"Нарушение менструального цикла",NULL,0,"female"
1662,"Схваткообразная боль",NULL,0,"all"
1663,"Тревога",NULL,0,"all"
1664,"Нервозность",NULL,0,"all"
1665,"Капризность",NULL,0,"all"
1666,"Выделения",NULL,0,"all"
1667,"Отведение взгляда",NULL,1,"all"
1668,"Избегание телесных контактов",NULL,0,"all"
1669,"Задержка в развитии",NULL,0,"all"
1670,"Горб",NULL,0,"all"
1671,"Перепады артериального давления",NULL,0,"all"
1672,"Частая зевота",NULL,0,"all"
1673,"Перепады настроения",NULL,0,"all"
1674,"Хроническая усталость",NULL,0,"all"
1675,"Увеличение родинки",NULL,0,"all"
1676,"Разрастание родинки",NULL,0,"all"
1677,"Воспаление вокруг родинки",NULL,0,"all"
1678,"Пигментация около родинки",NULL,0,"all"
1679,"Недосыпание",NULL,0,"all"
1680,"Частые пробуждения",NULL,0,"all"
1681,"Красно-багровые образования (-е)",NULL,0,"all"
1682,"Твердая язва (шанкр)",NULL,0,"all"
1683,"Гуммы",NULL,0,"all"
1684,"Ложные воспоминания",NULL,0,"all"
1685,"Ореолы вокруг источников света",NULL,0,"all"
1686,"Выпадение ресниц",NULL,0,"all"
1687,"Увеличение селезенки",NULL,0,"all"
1688,"Белые ногти",NULL,0,"all"
1689,"Остановка дыхания",NULL,0,"all"
1690,"Жирность волос",NULL,0,"all"
1691,"Залысины",NULL,0,"all"
1692,"Деформация стопы",NULL,0,"all"
1693,"Ревматоидные узлы",NULL,1,"all"
1694,"Бело-розовые пленки",NULL,0,"all"
1695,"Приплюснутый нос",NULL,0,"all"
1696,"Приоткрытый рот",NULL,0,"all"
1697,"Увеличенный язык",NULL,0,"all"
1698,"Умственная неполноценность",NULL,0,"all"
1699,"Короткие пальцы",NULL,0,"all"
1700,"Неполное выведение головки полового члена",NULL,0,"male"
1701,"Моча с резким запахом",NULL,0,"all"
1702,"Незаращение родничка",NULL,0,"all"
1703,"Деформация",NULL,0,"all"
1704,"Влечение к азартным играм",NULL,0,"all"
1705,"Опистотонус (поза человека напоминает выгнутую дугу)",NULL,0,"all"
1706,"Частые падения",NULL,0,"all"
1707,"Кал (желтый, зеленый, оранжевый)",NULL,0,"all"
1708,"Косолапость",NULL,0,"all"
1709,"Ходьба на \"цыпочках\"",NULL,0,"all"
1710,"Невозможность самостоятельно себя обслуживать",NULL,0,"all"
1711,"Склонность к бродяжничеству",NULL,0,"all"
1712,"Стянутость кожи",NULL,0,"all"
1713,"Остатки пищи в кале",NULL,0,"all"
1714,"Жировые включения в кале",NULL,0,"all"
1715,"Соленый пот",NULL,0,"all"
1716,"Повышенная чувствительность к солнцу",NULL,0,"all"
1717,"Истончение кожи",NULL,0,"all"
1718,"Пучеглазие",NULL,0,"all"
1719,"Неполное смыкание век",NULL,0,"all"
1720,"Подергивания мышц",NULL,0,"all"
1721,"Уменьшение ногтей",NULL,0,"all"
1722,"Тяга к спиртному",NULL,0,"all"
1723,"Увеличение живота в объеме",NULL,0,"female"
1724,"Повышенная кровоточивость",NULL,0,"all"
1725,"Расщепление губы",NULL,0,"all"
1726,"Снижение слюноотделения",NULL,0,"all"
1727,"Ощущение инородного тела в половой щели",NULL,0,"female"
1728,"Беременность",NULL,0,"female"
1729,"Частая смена положения плода",NULL,0,"female"
1730,"Мозоли (-ь)",NULL,0,"all"
1731,"Ороговение кожи",NULL,0,"all"
1732,"Светлая кожа",NULL,0,"all"
1733,"Голубые глаза",NULL,0,"all"
1734,"Мышиный запах кожи",NULL,0,"all"
1735,"Лагофтальм (неполное смыкание век)",NULL,1,"all"
1736,"Извращение обоняния",NULL,0,"all"
1737,"Подкожные узлы",NULL,0,"all"
1738,"Расщепление неба",NULL,0,"all"
1739,"Рвота цвета \"кофейной гущи\"",NULL,0,"all"
1740,"Искривление полового члена",NULL,0,"male"
1741,"Выход струи мочи в нетипичном месте",NULL,0,"male"
1742,"Шишка (-и)",NULL,0,"all"
1743,"Тяга к наркотикам",NULL,0,"all"
1744,"Кал в виде \"малинового желе\"",NULL,0,"all"
1745,"Нарушенное восприятие речи",NULL,0,"all"
1746,"COVID-19",NULL,0,"all"
1747,"Потеря обоняния",NULL,0,"all"
1748,"Потеря вкуса",NULL,0,"all"
1749,"Головная боль",NULL,0,"all"
